{
    "videoShape" : [1920, 1080],
    "birdEyeViewShape" : [676, 1181],
    
    "cameraPoints" : [[642, 462], [803, 425], [579, 691], [1462, 703]],
    "birdEyePoints" : [[542, 724], [564, 927], [211, 64], [36, 57]],
    
    "birdEyeCoordinates" : [[96, 30], [635, 1151]],
    "latLonCoordinates" : [[-122.660828, 45.743893], [-122.659864, 45.742497]]
}
