{
    "videoShape" : [1920, 1080],
    "birdEyeViewShape" : [676, 1181],
    
    "cameraPoints" : [[644, 483], [802, 439], [585, 734], [1462, 730]],
    "birdEyePoints" : [[505, 656], [564, 928], [213, 63], [35, 60]],
    
    "birdEyeCoordinates" : [[96, 30], [635, 1151]],
    "latLonCoordinates" : [[-122.660828, 45.743893], [-122.659864, 45.742497]]
}
